<?xml version="1.0" encoding="utf-8"?>
<!--
	Desktop
	multilingual
	Business.Semi.xml

	Template GUID: a28a8072-6137-4dca-a4fa-818493df59b7
	GUID: {GUID}
-->
<unattend xmlns="urn:schemas-microsoft-com:unattend">
	<settings pass="windowsPE">
		<component name="Microsoft-Windows-International-Core-WinPE" processorArchitecture="x86" publicKeyToken="31bf3856ad364e35" language="neutral" versionScope="nonSxS" xmlns:wcm="http://schemas.microsoft.com/WMIConfig/2002/State" xmlns:xsi="http://www.w3.org/2001/XMLSchema-instance">
			<SetupUILanguage>
				<UILanguage>%OSDUILanguage%</UILanguage>
				<WillShowUI>Always</WillShowUI>
			</SetupUILanguage>
			<InputLocale>%OSDInputLocale%</InputLocale>
			<SystemLocale>%OSDSystemLocale%</SystemLocale>
			<UILanguage>%OSDUILanguage%</UILanguage>
			<UILanguageFallback>%OSDUILanguageFallback%</UILanguageFallback>
			<UserLocale>%OSDUserLocale%</UserLocale>
		</component>
		<component name="Microsoft-Windows-Setup" processorArchitecture="x86" publicKeyToken="31bf3856ad364e35" language="neutral" versionScope="nonSxS" xmlns:wcm="http://schemas.microsoft.com/WMIConfig/2002/State" xmlns:xsi="http://www.w3.org/2001/XMLSchema-instance">
			<DiskConfiguration>
				<WillShowUI>Always</WillShowUI>
			</DiskConfiguration>
			<ImageInstall>
				<OSImage>
					<WillShowUI>{OSImageUi}</WillShowUI>
				</OSImage>
			</ImageInstall>
			<Diagnostics>
				<OptIn>false</OptIn>
			</Diagnostics>
			<DynamicUpdate>
				<Enable>false</Enable>
				<WillShowUI>OnError</WillShowUI>
			</DynamicUpdate>
			<UserData>
				<ProductKey>
					<WillShowUI>{ProductKeyUi}</WillShowUI>
				</ProductKey>
				<AcceptEula>{AccectEula}</AcceptEula>
			</UserData>

			<!-- Local PE deployment Command -->
{WindowsPESetupFirstLogonCommands}

		</component>
	</settings>
	<settings pass="oobeSystem">
		<component name="Microsoft-Windows-International-Core" processorArchitecture="x86" publicKeyToken="31bf3856ad364e35" language="neutral" versionScope="nonSxS" xmlns:wcm="http://schemas.microsoft.com/WMIConfig/2002/State" xmlns:xsi="http://www.w3.org/2001/XMLSchema-instance">
			<InputLocale>%OSDInputLocale%</InputLocale>
			<SystemLocale>%OSDSystemLocale%</SystemLocale>
			<UILanguage>%OSDUILanguage%</UILanguage>
			<UILanguageFallback>%OSDUILanguageFallback%</UILanguageFallback>
			<UserLocale>%OSDUserLocale%</UserLocale>
		</component>
		<component name="Microsoft-Windows-Shell-Setup" processorArchitecture="x86" publicKeyToken="31bf3856ad364e35" language="neutral" versionScope="nonSxS" xmlns:wcm="http://schemas.microsoft.com/WMIConfig/2002/State" xmlns:xsi="http://www.w3.org/2001/XMLSchema-instance">
			<OOBE>
{InitOOBESetting}
			</OOBE>

			<!-- initial account -->
{InitUsers}

			<!-- Automatic login by default -->
{InitAutoLogon}

			<!-- Local deployment Command -->
{WindowsShellSetupFirstLogonCommands}

{TimeZone}
		</component>
	</settings>
</unattend>