﻿{
	"Config": {
		"Authon":  "Yi Feng",
		"Website": "https://fengyi.tel",
		"LatestTime": "7-23-2023",
		"DefaultSelect": [
			"5512e164-3969-488f-a48e-1dd24145c633",
			"1da42d07-876c-4134-9b22-c2608634e8d8"
		]
	},
	"App": [
		{
			"Group": "主题包",
			"App": [
				{
					"GUID":      "7404a4fc-e59d-4bf0-86a5-33e3e8e1b3b1",
					"Name":      "Yi's 深色个性主题包",
					"Action":    "Install",
					"Manner":    "Fast",
					"DLetter":   "auto",
					"Structure": "安装包\\主题包",
					"Unpwd":     "",
					"Url": {
						"arm64": "",
						"x64":   "",
						"x86":   "https://fengyi.tel/Yi.deskthemepack"
					},
					"FindFile":  "Yi.deskthemepack",
					"param":     ""
				},
				{
					"GUID":      "bf3d7282-a23d-4e28-818e-005d7fcbeb22",
					"Name":      "Yi's 浅色个性主题包",
					"Action":    "Install",
					"Manner":    "Fast",
					"DLetter":   "auto",
					"Structure": "安装包\\主题包",
					"Unpwd":     "",
					"Url": {
						"arm64": "",
						"x64":   "",
						"x86":   "https://fengyi.tel/Yi.Light.deskthemepack"
					},
					"FindFile":  "Yi.Light.deskthemepack",
					"param":     ""
				}
			]
	    },
		{
			"Group": "社交软件",
			"App": [
				{
					"GUID":      "5512e164-3969-488f-a48e-1dd24145c633",
					"Name":      "QQ",
					"Action":    "Install",
					"Manner":    "Queue",
					"DLetter":   "auto",
					"Structure": "安装包\\社交软件",
					"Unpwd":     "",
					"Url": {
						"arm64": "",
						"x64":   "https://dldir1.qq.com/qqfile/qq/QQNT/bbabcfd7/QQ9.9.0.14569_x64.exe",
						"x86":   "https://dldir1.qq.com/qqfile/qq/PCQQ9.7.11/QQ9.7.11.29088.exe"
					},
					"FindFile":  "QQ*",
					"param":     "/S"
				},
				{
					"GUID":      "1da42d07-876c-4134-9b22-c2608634e8d8",
					"Name":      "微信",
					"Action":    "Install",
					"Manner":    "Queue",
					"DLetter":   "auto",
					"Structure": "安装包\\社交软件",
					"Unpwd":     "",
					"Url": {
						"arm64": "",
						"x64":   "",
						"x86":   "https://dldir1.qq.com/weixin/Windows/WeChatSetup.exe"
					},
					"FindFile":  "WeChat*",
					"param":     "/S"
				}
			]
		},
		{
			"Group": "办公软件",
			"App": [
				{
					"GUID":      "a19f3dc1-e77c-4001-903b-00fe4624d757",
					"Name":      "WPS 365",
					"Action":    "Install",
					"Manner":    "Queue",
					"DLetter":   "auto",
					"Structure": "安装包\\办公软件",
					"Unpwd":     "",
					"Url": {
						"arm64": "",
						"x64":   "",
						"x86":   "https://official-package.wpscdn.cn/wps/download/WPS_Setup_15120.exe"
					},
					"FindFile":  "WPS_Setup_15120.exe",
					"param":     "/S -agreelicense"
				},
				{
					"GUID":      "4944a435-5a78-4416-a1ea-2f38a0dd942b",
					"Name":      "WPS AI",
					"Action":    "Install",
					"Manner":    "Queue",
					"DLetter":   "auto",
					"Structure": "安装包\\办公软件",
					"Unpwd":     "",
					"Url": {
						"arm64": "",
						"x64":   "",
						"x86":   "https://pc-package.wpscdn.cn/wps/download/WPS_Setup_AI_15120.exe"
					},
					"FindFile":  "WPS_Setup_AI_15120.exe",
					"param":     "/S -agreelicense"
				},
				{
					"GUID":      "f69fe615-2b61-41f3-8fe9-1a3e2f9f19b1",
					"Name":      "WPS Office 2019",
					"Action":    "Install",
					"Manner":    "Queue",
					"DLetter":   "auto",
					"Structure": "安装包\\办公软件",
					"Unpwd":     "",
					"Url": {
						"arm64": "",
						"x64":   "",
						"x86":   "https://wps-cn-ep.ks3-cn-beijing.ksyun.com/wps/download/ep/WPS2019/WPSPro_11.8.2.12055.exe"
					},
					"FindFile":  "WPSPro_11.8.2.12055.exe",
					"param":     "/S"
				}
			]
	    },
	    {
			"Group": "浏览器",
			"App": [
				{
					"GUID":      "45bf2c42-ec67-440a-8403-0ad31864f47a",
					"Name":      "Google Chrome",
					"Action":    "Install",
					"Manner":    "Queue",
					"DLetter":   "auto",
					"Structure": "安装包\\浏览器",
					"Unpwd":     "",
					"Url": {
						"arm64": "",
						"x64":   "",
						"x86":   "https://dl.google.com/chrome/install/latest/chrome_installer.exe"
					},
					"FindFile":  "Chrome*",
					"param":     "/silent /install"
				}
			]
		},
		{
			"Group": "媒体软件",
			"App": [
				{
					"GUID":      "1c871e39-4a3a-4478-a583-a9fa6e03bfb3",
					"Name":      "QQ 音乐",
					"Action":    "Install",
					"Manner":    "Queue",
					"DLetter":   "auto",
					"Structure": "安装包\\媒体软件",
					"Unpwd":     "",
					"Url": {
						"arm64": "",
						"x64":   "",
						"x86":   "https://dldir1.qq.com/music/clntupate/QQMusicSetup_Home.exe"
					},
					"FindFile":  "QQMusicSetup*",
					"param":     "/S"
				},
				{
					"GUID":      "a356e629-30b6-4e9a-bc9d-a4fa50cb0bfd",
					"Name":      "酷狗音乐",
					"Action":    "Install",
					"Manner":    "Queue",
					"DLetter":   "auto",
					"Structure": "安装包\\媒体软件",
					"Unpwd":     "",
					"Url": {
						"arm64": "",
						"x64":   "",
						"x86":   "https://downmini.yun.kugou.com/web/kugou_10193.exe"
					},
					"FindFile":  "kugou*",
					"param":     "/S"
				},
				{
					"GUID":      "79da884e-a8a2-4738-bc9d-3719134119f9",
					"Name":      "网易云音乐",
					"Action":    "Install",
					"Manner":    "Queue",
					"DLetter":   "auto",
					"Structure": "安装包\\媒体软件",
					"Unpwd":     "",
					"Url": {
						"arm64": "",
						"x64":   "",
						"x86":   "https://d1.music.126.net/dmusic/NeteaseCloudMusic_Music_official_2.10.10.201297_32.exe"
					},
					"FindFile":  "NeteaseCloudMusic*",
					"param":     "/S"
				}
			]
		},
		{
			"Group": "视频软件",
			"App": [
				{
					"GUID":      "7ae9149d-c7af-4c11-aaae-3c6190fcb23a",
					"Name":      "腾讯视频",
					"Action":    "Install",
					"Manner":    "Queue",
					"DLetter":   "auto",
					"Structure": "安装包\\视频软件",
					"Unpwd":     "",
					"Url": {
						"arm64": "",
						"x64":   "",
						"x86":   "https://dldir1.qq.com/qqtv/TencentVideo11.70.9736.0.exe"
					},
					"FindFile":  "TencentVideo*",
					"param":     "/S"
				},
				{
					"GUID":      "1d83e689-0cf9-4389-a751-f9ae2fd884a9",
					"Name":      "爱奇艺视频",
					"Action":    "Install",
					"Manner":    "Queue",
					"DLetter":   "auto",
					"Structure": "安装包\\视频软件",
					"Unpwd":     "",
					"Url": {
						"arm64": "",
						"x64":   "",
						"x86":   "https://dl-static.iqiyi.com/hz/IQIYIsetup_z45.exe"
					},
					"FindFile":  "IQIYIsetup*",
					"param":     "/S"
				},
				{
					"GUID":      "61c20779-3e14-4d54-ba83-5923b5b8ff4c",
					"Name":      "VLC media player",
					"Action":    "Install",
					"Manner":    "Queue",
					"DLetter":   "auto",
					"Structure": "安装包\\视频软件",
					"Unpwd":     "",
					"Url": {
						"arm64": "https://artifacts.videolan.org/vlc/nightly-win64-arm-llvm/20230723-0423/vlc-4.0.0-dev-win64-68140314.exe",
						"x64":   "https://get.videolan.org/vlc/3.0.18/win64/vlc-3.0.18-win64.exe",
						"x86":   "https://get.videolan.org/vlc/3.0.18/win32/vlc-3.0.18-win32.exe"
					},
					"FindFile":  "vlc*",
					"param":     "/S"
				},
				{
					"GUID":      "b2a5fd2b-8664-4743-a037-9bdf69605de5",
					"Name":      "Potplayer",
					"Action":    "Install",
					"Manner":    "Queue",
					"DLetter":   "auto",
					"Structure": "安装包\\视频软件",
					"Unpwd":     "",
					"Url": {
						"arm64": "",
						"x64":   "https://t1.daumcdn.net/potplayer/PotPlayer/Version/Latest/PotPlayerSetup64.exe",
						"x86":   "https://t1.daumcdn.net/potplayer/PotPlayer/Version/Latest/PotPlayerSetup.exe"
					},
					"FindFile":  "PotPlayer*",
					"param":     "/S"
				}
			]
		},
		{
			"Group": "开发软件",
			"App": [
				{
					"GUID":      "60830361-902c-4c73-9fcc-ce6e4c3d8e0d",
					"Name":      "Visual Studio Code",
					"Action":    "Install",
					"Manner":    "Queue",
					"DLetter":   "auto",
					"Structure": "安装包\\开发软件",
					"Unpwd":     "",
					"Url": {
						"arm64": "https://az764295.vo.msecnd.net/stable/74f6148eb9ea00507ec113ec51c489d6ffb4b771/VSCodeUserSetup-arm64-1.80.1.exe",
						"x64":   "https://az764295.vo.msecnd.net/stable/74f6148eb9ea00507ec113ec51c489d6ffb4b771/VSCodeUserSetup-x64-1.80.1.exe",
						"x86":   "https://az764295.vo.msecnd.net/stable/74f6148eb9ea00507ec113ec51c489d6ffb4b771/VSCodeUserSetup-ia32-1.80.1.exe"
					},
					"FindFile":  "VSCodeUserSetup*",
					"param":     "/VERYSILENT /NORESTART /MERGETASKS=!runcode"
				},
				{
					"GUID":      "e4628f19-74cf-43ad-9167-3ed69d1b7a5a",
					"Name":      "Python",
					"Action":    "Install",
					"Manner":    "Queue",
					"DLetter":   "auto",
					"Structure": "安装包\\开发软件",
					"Unpwd":     "",
					"Url": {
						"arm64": "https://www.python.org/ftp/python/3.11.3/python-3.11.3-arm64.exe",
						"x64":   "https://www.python.org/ftp/python/3.11.3/python-3.11.3-amd64.exe",
						"x86":   "https://www.python.org/ftp/python/3.11.3/python-3.11.3.exe"
					},
					"FindFile":  "python-*",
					"param":     "/quiet InstallAllUsers=1 PrependPath=1 Include_test=0"
				}
			]
		},
		{
			"Group": "下载工具",
			"App": [
				{
					"GUID":      "db1a6219-c7ef-4b80-83a0-7f642da78763",
					"Name":      "迅雷 12",
					"Action":    "Install",
					"Manner":    "Queue",
					"DLetter":   "auto",
					"Structure": "安装包\\下载工具",
					"Unpwd":     "",
					"Url": {
						"arm64": "",
						"x64":   "",
						"x86":   "https://down.sandai.net/thunder11/XunLeiSetup12.0.0.2140.exe"
					},
					"FindFile":  "XunLeiSetup12*",
					"param":     "/S"
				}
			]
		},
		{
			"Group": "运行库",
			"App": [
				{
					"GUID":      "2d4983a1-3568-4a23-8824-ffbd33a88dcc",
					"Name":      "VisualCppRedist AIO",
					"Action":    "Install",
					"Manner":    "Queue",
					"DLetter":   "auto",
					"Structure": "安装包\\运行库",
					"Unpwd":     "",
					"Url": {
						"arm64": "",
						"x64":   "",
						"x86":   "https://github.com/abbodi1406/vcredist/releases/download/v0.73.0/VisualCppRedist_AIO_x86_x64.exe"
					},
					"FindFile":  "VisualCppRedist*",
					"param":     "/y"
				}
			]
		},
		{
			"Group": "其它",
			"App": [
				{
					"GUID":      "73854748-e3a1-45b3-aa6f-13c2d3a12722",
					"Name":      "Gpg4win",
					"Action":    "Install",
					"Manner":    "Queue",
					"DLetter":   "auto",
					"Structure": "安装包\\其它",
					"Unpwd":     "",
					"Url": {
						"arm64": "",
						"x64":   "",
						"x86":   "https://files.gpg4win.org/gpg4win-latest.exe"
					},
					"FindFile":  "gpg4win*",
					"param":     "/S"
				}
			]
		}
	]
}