<?xml version="1.0" encoding="utf-8"?>
<!--
	Desktop
	Single
	Business.Semi.xml

	GUID: 01c67d43-7182-4116-b493-2f6157cfa71d
-->
<unattend xmlns="urn:schemas-microsoft-com:unattend">
	<settings pass="windowsPE">
		<component name="Microsoft-Windows-International-Core-WinPE" processorArchitecture="amd64" publicKeyToken="31bf3856ad364e35" language="neutral" versionScope="nonSxS" xmlns:wcm="http://schemas.microsoft.com/WMIConfig/2002/State" xmlns:xsi="http://www.w3.org/2001/XMLSchema-instance">
			<SetupUILanguage>
				<UILanguage>{ImageLanguage}</UILanguage>
				<WillShowUI>OnError</WillShowUI>
			</SetupUILanguage>
			<InputLocale>{ImageLanguage}</InputLocale>
			<SystemLocale>{ImageLanguage}</SystemLocale>
			<UILanguage>{ImageLanguage}</UILanguage>
			<UILanguageFallback>{ImageLanguage}</UILanguageFallback>
			<UserLocale>{ImageLanguage}</UserLocale>
		</component>
		<component name="Microsoft-Windows-Setup" processorArchitecture="amd64" publicKeyToken="31bf3856ad364e35" language="neutral" versionScope="nonSxS" xmlns:wcm="http://schemas.microsoft.com/WMIConfig/2002/State" xmlns:xsi="http://www.w3.org/2001/XMLSchema-instance">
			<DiskConfiguration>
				<WillShowUI>Always</WillShowUI>
			</DiskConfiguration>
			<ImageInstall>
				<OSImage>
					<WillShowUI>{OSImageUi}</WillShowUI>
				</OSImage>
			</ImageInstall>
			<Diagnostics>
				<OptIn>false</OptIn>
			</Diagnostics>
			<DynamicUpdate>
				<Enable>false</Enable>
				<WillShowUI>OnError</WillShowUI>
			</DynamicUpdate>
			<UserData>
				<ProductKey>
					<WillShowUI>{ProductKeyUi}</WillShowUI>
				</ProductKey>
				<AcceptEula>{AccectEula}</AcceptEula>
			</UserData>
		</component>
	</settings>
	<settings pass="oobeSystem">
		<component name="Microsoft-Windows-International-Core" processorArchitecture="amd64" publicKeyToken="31bf3856ad364e35" language="neutral" versionScope="nonSxS" xmlns:wcm="http://schemas.microsoft.com/WMIConfig/2002/State" xmlns:xsi="http://www.w3.org/2001/XMLSchema-instance">
			<InputLocale>{ImageLanguage}</InputLocale>
			<SystemLocale>{ImageLanguage}</SystemLocale>
			<UILanguage>{ImageLanguage}</UILanguage>
			<UILanguageFallback>{ImageLanguage}</UILanguageFallback>
			<UserLocale>{ImageLanguage}</UserLocale>
		</component>
		<component name="Microsoft-Windows-Shell-Setup" processorArchitecture="amd64" publicKeyToken="31bf3856ad364e35" language="neutral" versionScope="nonSxS" xmlns:wcm="http://schemas.microsoft.com/WMIConfig/2002/State" xmlns:xsi="http://www.w3.org/2001/XMLSchema-instance">
			<OOBE>
				<HideEULAPage>true</HideEULAPage>
				<HideOEMRegistrationScreen>true</HideOEMRegistrationScreen>
				<HideOnlineAccountScreens>true</HideOnlineAccountScreens>
				<HideWirelessSetupInOOBE>true</HideWirelessSetupInOOBE>
				<HideLocalAccountScreen>true</HideLocalAccountScreen>
				<NetworkLocation>Other</NetworkLocation>
				<ProtectYourPC>3</ProtectYourPC>
				<SkipMachineOOBE>true</SkipMachineOOBE>
				<SkipUserOOBE>true</SkipUserOOBE>
			</OOBE>

			<!-- initial account -->
			<UserAccounts>
				<LocalAccounts>
					<LocalAccount wcm:action="add">
						<Password>
							<Value></Value>
							<PlainText>true</PlainText>
						</Password>
						<Description>{InitUsers}</Description>
						<DisplayName>{InitUsers}</DisplayName>
						<Group>Administrators</Group>
						<Name>{InitUsers}</Name>
					</LocalAccount>
				</LocalAccounts>
			</UserAccounts>

			<!-- Automatic login by default -->
			<AutoLogon>
				<Password>
					<Value></Value>
					<PlainText>true</PlainText>
				</Password>
				<Enabled>true</Enabled>
				<Username>{InitUsers}</Username>
			</AutoLogon>
			<FirstLogonCommands>
				<!-- Local deployment -->
				<SynchronousCommand wcm:action="add">
					<Order>1</Order>
					<Description>Bypass</Description>
					<CommandLine>powershell -Command "Set-ExecutionPolicy -ExecutionPolicy Bypass -Force"</CommandLine>
				</SynchronousCommand>
				<SynchronousCommand wcm:action="add">
					<Order>2</Order>
					<Description>Run the deployment script</Description>
					<CommandLine>PowerShell -ExecutionPolicy Bypass -File "%SystemDrive%\{UniqueID}\Engine\Engine.ps1" -Force</CommandLine>
				</SynchronousCommand>
			</FirstLogonCommands>
			{TimeZone}
		</component>
	</settings>
</unattend>