<?xml version="1.0" encoding="utf-8"?>
<!--
	   Created by: Yi's Solutions
			Learn: https://fengyi.tel/solutions
				   https://github.com/ilikeyi/solutions

	 Architecture: Arm64, x64, x86
	Applicable to: Server
	Language type: Single
	     Solution: Business.Semi.xml

	Template GUID: 0433cc24-b8b8-4259-9953-512ee81b64cc
	GUID: {GUID}
-->
<unattend xmlns="urn:schemas-microsoft-com:unattend">
	<settings pass="windowsPE">
		<component name="Microsoft-Windows-International-Core-WinPE" processorArchitecture="x86" publicKeyToken="31bf3856ad364e35" language="neutral" versionScope="nonSxS" xmlns:wcm="http://schemas.microsoft.com/WMIConfig/2002/State" xmlns:xsi="http://www.w3.org/2001/XMLSchema-instance">
			<SetupUILanguage>
				<UILanguage>{ImageLanguage}</UILanguage>
				<WillShowUI>OnError</WillShowUI>
			</SetupUILanguage>
			<InputLocale>{ImageLanguage}</InputLocale>
			<SystemLocale>{ImageLanguage}</SystemLocale>
			<UILanguage>{ImageLanguage}</UILanguage>
			<UILanguageFallback>{ImageLanguage}</UILanguageFallback>
			<UserLocale>{ImageLanguage}</UserLocale>
		</component>
		<component name="Microsoft-Windows-International-Core-WinPE" processorArchitecture="amd64" publicKeyToken="31bf3856ad364e35" language="neutral" versionScope="nonSxS" xmlns:wcm="http://schemas.microsoft.com/WMIConfig/2002/State" xmlns:xsi="http://www.w3.org/2001/XMLSchema-instance">
			<SetupUILanguage>
				<UILanguage>{ImageLanguage}</UILanguage>
				<WillShowUI>OnError</WillShowUI>
			</SetupUILanguage>
			<InputLocale>{ImageLanguage}</InputLocale>
			<SystemLocale>{ImageLanguage}</SystemLocale>
			<UILanguage>{ImageLanguage}</UILanguage>
			<UILanguageFallback>{ImageLanguage}</UILanguageFallback>
			<UserLocale>{ImageLanguage}</UserLocale>
		</component>
		<component name="Microsoft-Windows-International-Core-WinPE" processorArchitecture="arm64" publicKeyToken="31bf3856ad364e35" language="neutral" versionScope="nonSxS" xmlns:wcm="http://schemas.microsoft.com/WMIConfig/2002/State" xmlns:xsi="http://www.w3.org/2001/XMLSchema-instance">
			<SetupUILanguage>
				<UILanguage>{ImageLanguage}</UILanguage>
				<WillShowUI>OnError</WillShowUI>
			</SetupUILanguage>
			<InputLocale>{ImageLanguage}</InputLocale>
			<SystemLocale>{ImageLanguage}</SystemLocale>
			<UILanguage>{ImageLanguage}</UILanguage>
			<UILanguageFallback>{ImageLanguage}</UILanguageFallback>
			<UserLocale>{ImageLanguage}</UserLocale>
		</component>
		<component name="Microsoft-Windows-Setup" processorArchitecture="x86" publicKeyToken="31bf3856ad364e35" language="neutral" versionScope="nonSxS" xmlns:wcm="http://schemas.microsoft.com/WMIConfig/2002/State" xmlns:xsi="http://www.w3.org/2001/XMLSchema-instance">
			<DiskConfiguration>
				<WillShowUI>Always</WillShowUI>
			</DiskConfiguration>
			<ImageInstall>
				<OSImage>
					<WillShowUI>{OSImageUi}</WillShowUI>
				</OSImage>
			</ImageInstall>
			<Diagnostics>
				<OptIn>false</OptIn>
			</Diagnostics>
			<DynamicUpdate>
				<Enable>false</Enable>
				<WillShowUI>OnError</WillShowUI>
			</DynamicUpdate>
			<UserData>
				<ProductKey>
					<WillShowUI>{ProductKeyUi}</WillShowUI>
				</ProductKey>
				<AcceptEula>{AccectEula}</AcceptEula>
			</UserData>

			<!-- Local PE deployment Command -->
{WindowsPESetupFirstLogonCommands}

		</component>
		<component name="Microsoft-Windows-Setup" processorArchitecture="amd64" publicKeyToken="31bf3856ad364e35" language="neutral" versionScope="nonSxS" xmlns:wcm="http://schemas.microsoft.com/WMIConfig/2002/State" xmlns:xsi="http://www.w3.org/2001/XMLSchema-instance">
			<DiskConfiguration>
				<WillShowUI>Always</WillShowUI>
			</DiskConfiguration>
			<ImageInstall>
				<OSImage>
					<WillShowUI>{OSImageUi}</WillShowUI>
				</OSImage>
			</ImageInstall>
			<Diagnostics>
				<OptIn>false</OptIn>
			</Diagnostics>
			<DynamicUpdate>
				<Enable>false</Enable>
				<WillShowUI>OnError</WillShowUI>
			</DynamicUpdate>
			<UserData>
				<ProductKey>
					<WillShowUI>{ProductKeyUi}</WillShowUI>
				</ProductKey>
				<AcceptEula>{AccectEula}</AcceptEula>
			</UserData>

			<!-- Local PE deployment Command -->
{WindowsPESetupFirstLogonCommands}

		</component>
		<component name="Microsoft-Windows-Setup" processorArchitecture="arm64" publicKeyToken="31bf3856ad364e35" language="neutral" versionScope="nonSxS" xmlns:wcm="http://schemas.microsoft.com/WMIConfig/2002/State" xmlns:xsi="http://www.w3.org/2001/XMLSchema-instance">
			<DiskConfiguration>
				<WillShowUI>Always</WillShowUI>
			</DiskConfiguration>
			<ImageInstall>
				<OSImage>
					<WillShowUI>{OSImageUi}</WillShowUI>
				</OSImage>
			</ImageInstall>
			<Diagnostics>
				<OptIn>false</OptIn>
			</Diagnostics>
			<DynamicUpdate>
				<Enable>false</Enable>
				<WillShowUI>OnError</WillShowUI>
			</DynamicUpdate>
			<UserData>
				<ProductKey>
					<WillShowUI>{ProductKeyUi}</WillShowUI>
				</ProductKey>
				<AcceptEula>{AccectEula}</AcceptEula>
			</UserData>

			<!-- Local PE deployment Command -->
{WindowsPESetupFirstLogonCommands}

		</component>
	</settings>
	<settings pass="specialize">
		<component name="Microsoft-Windows-IE-ESC" processorArchitecture="x86" publicKeyToken="31bf3856ad364e35" language="neutral" versionScope="nonSxS" xmlns:wcm="http://schemas.microsoft.com/WMIConfig/2002/State" xmlns:xsi="http://www.w3.org/2001/XMLSchema-instance">
			<IEHardenAdmin>{OSIEAdmin}</IEHardenAdmin>
			<IEHardenUser>{OSIEUser}</IEHardenUser>
		</component>
		<component name="Microsoft-Windows-IE-ESC" processorArchitecture="amd64" publicKeyToken="31bf3856ad364e35" language="neutral" versionScope="nonSxS" xmlns:wcm="http://schemas.microsoft.com/WMIConfig/2002/State" xmlns:xsi="http://www.w3.org/2001/XMLSchema-instance">
			<IEHardenAdmin>{OSIEAdmin}</IEHardenAdmin>
			<IEHardenUser>{OSIEUser}</IEHardenUser>
		</component>
		<component name="Microsoft-Windows-IE-ESC" processorArchitecture="arm64" publicKeyToken="31bf3856ad364e35" language="neutral" versionScope="nonSxS" xmlns:wcm="http://schemas.microsoft.com/WMIConfig/2002/State" xmlns:xsi="http://www.w3.org/2001/XMLSchema-instance">
			<IEHardenAdmin>{OSIEAdmin}</IEHardenAdmin>
			<IEHardenUser>{OSIEUser}</IEHardenUser>
		</component>
		<component name="Microsoft-Windows-ServerManager-SvrMgrNc" processorArchitecture="x86" publicKeyToken="31bf3856ad364e35" language="neutral" versionScope="nonSxS" xmlns:wcm="http://schemas.microsoft.com/WMIConfig/2002/State" xmlns:xsi="http://www.w3.org/2001/XMLSchema-instance">
			<DoNotOpenServerManagerAtLogon>{OSServerManager}</DoNotOpenServerManagerAtLogon>
		</component>
		<component name="Microsoft-Windows-ServerManager-SvrMgrNc" processorArchitecture="amd64" publicKeyToken="31bf3856ad364e35" language="neutral" versionScope="nonSxS" xmlns:wcm="http://schemas.microsoft.com/WMIConfig/2002/State" xmlns:xsi="http://www.w3.org/2001/XMLSchema-instance">
			<DoNotOpenServerManagerAtLogon>{OSServerManager}</DoNotOpenServerManagerAtLogon>
		</component>
		<component name="Microsoft-Windows-ServerManager-SvrMgrNc" processorArchitecture="arm64" publicKeyToken="31bf3856ad364e35" language="neutral" versionScope="nonSxS" xmlns:wcm="http://schemas.microsoft.com/WMIConfig/2002/State" xmlns:xsi="http://www.w3.org/2001/XMLSchema-instance">
			<DoNotOpenServerManagerAtLogon>{OSServerManager}</DoNotOpenServerManagerAtLogon>
		</component>
	</settings>
	<settings pass="oobeSystem">
		<component name="Microsoft-Windows-International-Core" processorArchitecture="x86" publicKeyToken="31bf3856ad364e35" language="neutral" versionScope="nonSxS" xmlns:wcm="http://schemas.microsoft.com/WMIConfig/2002/State" xmlns:xsi="http://www.w3.org/2001/XMLSchema-instance">
			<InputLocale>{ImageLanguage}</InputLocale>
			<SystemLocale>{ImageLanguage}</SystemLocale>
			<UILanguage>{ImageLanguage}</UILanguage>
			<UILanguageFallback>{ImageLanguage}</UILanguageFallback>
			<UserLocale>{ImageLanguage}</UserLocale>
		</component>
		<component name="Microsoft-Windows-International-Core" processorArchitecture="amd64" publicKeyToken="31bf3856ad364e35" language="neutral" versionScope="nonSxS" xmlns:wcm="http://schemas.microsoft.com/WMIConfig/2002/State" xmlns:xsi="http://www.w3.org/2001/XMLSchema-instance">
			<InputLocale>{ImageLanguage}</InputLocale>
			<SystemLocale>{ImageLanguage}</SystemLocale>
			<UILanguage>{ImageLanguage}</UILanguage>
			<UILanguageFallback>{ImageLanguage}</UILanguageFallback>
			<UserLocale>{ImageLanguage}</UserLocale>
		</component>
		<component name="Microsoft-Windows-International-Core" processorArchitecture="arm64" publicKeyToken="31bf3856ad364e35" language="neutral" versionScope="nonSxS" xmlns:wcm="http://schemas.microsoft.com/WMIConfig/2002/State" xmlns:xsi="http://www.w3.org/2001/XMLSchema-instance">
			<InputLocale>{ImageLanguage}</InputLocale>
			<SystemLocale>{ImageLanguage}</SystemLocale>
			<UILanguage>{ImageLanguage}</UILanguage>
			<UILanguageFallback>{ImageLanguage}</UILanguageFallback>
			<UserLocale>{ImageLanguage}</UserLocale>
		</component>
		<component name="Microsoft-Windows-Shell-Setup" processorArchitecture="x86" publicKeyToken="31bf3856ad364e35" language="neutral" versionScope="nonSxS" xmlns:wcm="http://schemas.microsoft.com/WMIConfig/2002/State" xmlns:xsi="http://www.w3.org/2001/XMLSchema-instance">
			<OOBE>
{InitOOBESetting}
			</OOBE>

			<!-- initial account -->
{InitUsers}

			<!-- Automatic login by default -->
{InitAutoLogon}

			<!-- Local deployment Command -->
{WindowsShellSetupFirstLogonCommands}

{TimeZone}
		</component>
		<component name="Microsoft-Windows-Shell-Setup" processorArchitecture="amd64" publicKeyToken="31bf3856ad364e35" language="neutral" versionScope="nonSxS" xmlns:wcm="http://schemas.microsoft.com/WMIConfig/2002/State" xmlns:xsi="http://www.w3.org/2001/XMLSchema-instance">
			<OOBE>
{InitOOBESetting}
			</OOBE>

			<!-- initial account -->
{InitUsers}

			<!-- Automatic login by default -->
{InitAutoLogon}

			<!-- Local deployment Command -->
{WindowsShellSetupFirstLogonCommands}

{TimeZone}
		</component>
		<component name="Microsoft-Windows-Shell-Setup" processorArchitecture="arm64" publicKeyToken="31bf3856ad364e35" language="neutral" versionScope="nonSxS" xmlns:wcm="http://schemas.microsoft.com/WMIConfig/2002/State" xmlns:xsi="http://www.w3.org/2001/XMLSchema-instance">
			<OOBE>
{InitOOBESetting}
			</OOBE>

			<!-- initial account -->
{InitUsers}

			<!-- Automatic login by default -->
{InitAutoLogon}

			<!-- Local deployment Command -->
{WindowsShellSetupFirstLogonCommands}

{TimeZone}
		</component>
	</settings>
</unattend>