{
	"Config": {
		"Author":  "Yi",
		"Version": "1.0.0.0",
		"Url":     "https://fengyi.tel"
	},
	"Deploy": {
		"ImageSource": {
			"Tasks": {
				"ISO": {
					"SaveTo":              "",
					"Structure":  {
						"InstallType":     true,
						"UniqueName":      true,
						"Group":           "d33b848d-ef73-470b-ba0e-8b7f21536ccd",
						"Event":           false,
						"EngineVersion":   ""
					},
					"PublicDate": {
						"Year":            true,
						"Month":           true
					},
					"WindowsVersion": {
						"Enable":          true,
						"Version":         "Auto",
						"InitialRelease":  "10"
					},
					"WindowsCode": {
						"Enable":          true,
						"Code":            "Auto",
						"InitialCode":     "22h2"
					},
					"Random":              false,
					"ImageLanguage":       false,
					"imageVersions":       false,
					"imageVersionsType":   false,
					"Before": {
						"Rebuild": {
							"Install":    false,
							"Boot":       false
						}
					},
					"After": {
						"TPM":            true,
						"Sha256":         false,
						"RemoveImage":    false,
						"PGP": {
							"Enable":     false,
							"Config": {
								"Pwd":    "",
								"KeyID":  "0FEBF674EAD23E05"
							}
						}
					}
				}
			}
		}
	}
}
