<?xml version="1.0" encoding="utf-8"?>
<!--
	Desktop
	multilingual
	Business.UEFI.xml

	GUID: 0344ccb3-187d-4c6f-9012-e2f137289520
-->
<unattend xmlns="urn:schemas-microsoft-com:unattend">
	<settings pass="windowsPE">
		<component name="Microsoft-Windows-International-Core-WinPE" processorArchitecture="x86" publicKeyToken="31bf3856ad364e35" language="neutral" versionScope="nonSxS" xmlns:wcm="http://schemas.microsoft.com/WMIConfig/2002/State" xmlns:xsi="http://www.w3.org/2001/XMLSchema-instance">
			<SetupUILanguage>
				<UILanguage>{ImageLanguage}</UILanguage>
				<WillShowUI>OnError</WillShowUI>
			</SetupUILanguage>
			<InputLocale>{ImageLanguage}</InputLocale>
			<SystemLocale>{ImageLanguage}</SystemLocale>
			<UILanguage>{ImageLanguage}</UILanguage>
			<UILanguageFallback>{ImageLanguage}</UILanguageFallback>
			<UserLocale>{ImageLanguage}</UserLocale>
		</component>
		<component name="Microsoft-Windows-International-Core-WinPE" processorArchitecture="amd64" publicKeyToken="31bf3856ad364e35" language="neutral" versionScope="nonSxS" xmlns:wcm="http://schemas.microsoft.com/WMIConfig/2002/State" xmlns:xsi="http://www.w3.org/2001/XMLSchema-instance">
			<SetupUILanguage>
				<UILanguage>{ImageLanguage}</UILanguage>
				<WillShowUI>OnError</WillShowUI>
			</SetupUILanguage>
			<InputLocale>{ImageLanguage}</InputLocale>
			<SystemLocale>{ImageLanguage}</SystemLocale>
			<UILanguage>{ImageLanguage}</UILanguage>
			<UILanguageFallback>{ImageLanguage}</UILanguageFallback>
			<UserLocale>{ImageLanguage}</UserLocale>
		</component>
		<component name="Microsoft-Windows-Setup" processorArchitecture="x86" publicKeyToken="31bf3856ad364e35" language="neutral" versionScope="nonSxS" xmlns:wcm="http://schemas.microsoft.com/WMIConfig/2002/State" xmlns:xsi="http://www.w3.org/2001/XMLSchema-instance">
			<DiskConfiguration>
				<Disk wcm:action="add">
					<DiskID>0</DiskID>
					<WillWipeDisk>true</WillWipeDisk>
					<CreatePartitions>
						<!-- Windows RE Tools partition -->
						<CreatePartition wcm:action="add">
							<Order>1</Order>
							<Type>Primary</Type>
							<Size>350</Size>
						</CreatePartition>
						<!-- System partition (ESP) -->
						<CreatePartition wcm:action="add">
							<Order>2</Order>
							<Type>EFI</Type>
							<Size>100</Size>
						</CreatePartition>
						<!-- Microsoft reserved partition (MSR) -->
						<CreatePartition wcm:action="add">
							<Order>3</Order>
							<Type>MSR</Type>
							<Size>128</Size>
						</CreatePartition>
						<!-- Windows partition -->
						<CreatePartition wcm:action="add">
							<Order>4</Order>
							<Type>Primary</Type>
							<Extend>true</Extend>
						</CreatePartition>
					</CreatePartitions>
					<ModifyPartitions>
						<!-- Windows RE Tools partition -->
						<ModifyPartition wcm:action="add">
							<Order>1</Order>
							<PartitionID>1</PartitionID>
							<Label>WINRE</Label>
							<Format>NTFS</Format>
							<TypeID>DE94BBA4-06D1-4D40-A16A-BFD50179D6AC</TypeID>
						</ModifyPartition>
						<!-- System partition (ESP) -->
						<ModifyPartition wcm:action="add">
							<Order>2</Order>
							<PartitionID>2</PartitionID>
							<Label>System</Label>
							<Format>FAT32</Format>
						</ModifyPartition>
						<!-- MSR partition does not need to be modified -->
						<ModifyPartition wcm:action="add">
							<Order>3</Order>
							<PartitionID>3</PartitionID>
						</ModifyPartition>
						<!-- Windows partition -->
						<ModifyPartition wcm:action="add">
							<Order>4</Order>
							<PartitionID>4</PartitionID>
							<Label>OS</Label>
							<Letter>C</Letter>
							<Format>NTFS</Format>
						</ModifyPartition>
					</ModifyPartitions>
				</Disk>
			</DiskConfiguration>
			<ImageInstall>
				<OSImage>
					<InstallTo>
						<DiskID>0</DiskID>
						<PartitionID>4</PartitionID>
					</InstallTo>
					{UnattendIndex}
				</OSImage>
			</ImageInstall>
			<Diagnostics>
				<OptIn>false</OptIn>
			</Diagnostics>
			<DynamicUpdate>
				<Enable>false</Enable>
				<WillShowUI>OnError</WillShowUI>
			</DynamicUpdate>
			<UserData>
				<ProductKey>
					{InitProductKey}
					<WillShowUI>OnError</WillShowUI>
				</ProductKey>
				<AcceptEula>true</AcceptEula>
			</UserData>
		</component>
		<component name="Microsoft-Windows-Setup" processorArchitecture="amd64" publicKeyToken="31bf3856ad364e35" language="neutral" versionScope="nonSxS" xmlns:wcm="http://schemas.microsoft.com/WMIConfig/2002/State" xmlns:xsi="http://www.w3.org/2001/XMLSchema-instance">
			<DiskConfiguration>
				<Disk wcm:action="add">
					<DiskID>0</DiskID>
					<WillWipeDisk>true</WillWipeDisk>
					<CreatePartitions>
						<!-- Windows RE Tools partition -->
						<CreatePartition wcm:action="add">
							<Order>1</Order>
							<Type>Primary</Type>
							<Size>350</Size>
						</CreatePartition>
						<!-- System partition (ESP) -->
						<CreatePartition wcm:action="add">
							<Order>2</Order>
							<Type>EFI</Type>
							<Size>100</Size>
						</CreatePartition>
						<!-- Microsoft reserved partition (MSR) -->
						<CreatePartition wcm:action="add">
							<Order>3</Order>
							<Type>MSR</Type>
							<Size>128</Size>
						</CreatePartition>
						<!-- Windows partition -->
						<CreatePartition wcm:action="add">
							<Order>4</Order>
							<Type>Primary</Type>
							<Extend>true</Extend>
						</CreatePartition>
					</CreatePartitions>
					<ModifyPartitions>
						<!-- Windows RE Tools partition -->
						<ModifyPartition wcm:action="add">
							<Order>1</Order>
							<PartitionID>1</PartitionID>
							<Label>WINRE</Label>
							<Format>NTFS</Format>
							<TypeID>DE94BBA4-06D1-4D40-A16A-BFD50179D6AC</TypeID>
						</ModifyPartition>
						<!-- System partition (ESP) -->
						<ModifyPartition wcm:action="add">
							<Order>2</Order>
							<PartitionID>2</PartitionID>
							<Label>System</Label>
							<Format>FAT32</Format>
						</ModifyPartition>
						<!-- MSR partition does not need to be modified -->
						<ModifyPartition wcm:action="add">
							<Order>3</Order>
							<PartitionID>3</PartitionID>
						</ModifyPartition>
						<!-- Windows partition -->
						<ModifyPartition wcm:action="add">
							<Order>4</Order>
							<PartitionID>4</PartitionID>
							<Label>OS</Label>
							<Letter>C</Letter>
							<Format>NTFS</Format>
						</ModifyPartition>
					</ModifyPartitions>
				</Disk>
			</DiskConfiguration>
			<ImageInstall>
				<OSImage>
					<InstallTo>
						<DiskID>0</DiskID>
						<PartitionID>4</PartitionID>
					</InstallTo>
					{UnattendIndex}
				</OSImage>
			</ImageInstall>
			<Diagnostics>
				<OptIn>false</OptIn>
			</Diagnostics>
			<DynamicUpdate>
				<Enable>false</Enable>
				<WillShowUI>OnError</WillShowUI>
			</DynamicUpdate>
			<UserData>
				<ProductKey>
					{InitProductKey}
					<WillShowUI>OnError</WillShowUI>
				</ProductKey>
				<AcceptEula>true</AcceptEula>
			</UserData>
		</component>
	</settings>
	<settings pass="oobeSystem">
		<component name="Microsoft-Windows-International-Core" processorArchitecture="x86" publicKeyToken="31bf3856ad364e35" language="neutral" versionScope="nonSxS" xmlns:wcm="http://schemas.microsoft.com/WMIConfig/2002/State" xmlns:xsi="http://www.w3.org/2001/XMLSchema-instance">
			<InputLocale>{ImageLanguage}</InputLocale>
			<SystemLocale>{ImageLanguage}</SystemLocale>
			<UILanguage>{ImageLanguage}</UILanguage>
			<UILanguageFallback>{ImageLanguage}</UILanguageFallback>
			<UserLocale>{ImageLanguage}</UserLocale>
		</component>
		<component name="Microsoft-Windows-International-Core" processorArchitecture="amd64" publicKeyToken="31bf3856ad364e35" language="neutral" versionScope="nonSxS" xmlns:wcm="http://schemas.microsoft.com/WMIConfig/2002/State" xmlns:xsi="http://www.w3.org/2001/XMLSchema-instance">
			<InputLocale>{ImageLanguage}</InputLocale>
			<SystemLocale>{ImageLanguage}</SystemLocale>
			<UILanguage>{ImageLanguage}</UILanguage>
			<UILanguageFallback>{ImageLanguage}</UILanguageFallback>
			<UserLocale>{ImageLanguage}</UserLocale>
		</component>
		<component name="Microsoft-Windows-Shell-Setup" processorArchitecture="x86" publicKeyToken="31bf3856ad364e35" language="neutral" versionScope="nonSxS" xmlns:wcm="http://schemas.microsoft.com/WMIConfig/2002/State" xmlns:xsi="http://www.w3.org/2001/XMLSchema-instance">
			<OOBE>
				<HideEULAPage>true</HideEULAPage>
				<HideOEMRegistrationScreen>true</HideOEMRegistrationScreen>
				<HideOnlineAccountScreens>true</HideOnlineAccountScreens>
				<HideWirelessSetupInOOBE>true</HideWirelessSetupInOOBE>
				<HideLocalAccountScreen>true</HideLocalAccountScreen>
				<NetworkLocation>Other</NetworkLocation>
				<ProtectYourPC>3</ProtectYourPC>
				<SkipMachineOOBE>true</SkipMachineOOBE>
				<SkipUserOOBE>true</SkipUserOOBE>
			</OOBE>

			<!-- initial account -->
			<UserAccounts>
				<LocalAccounts>
					<LocalAccount wcm:action="add">
						<Password>
							<Value></Value>
							<PlainText>true</PlainText>
						</Password>
						<Description>{InitUsers}</Description>
						<DisplayName>{InitUsers}</DisplayName>
						<Group>Administrators</Group>
						<Name>{InitUsers}</Name>
					</LocalAccount>
				</LocalAccounts>
			</UserAccounts>

			<!-- Automatic login by default -->
			<AutoLogon>
				<Password>
					<Value></Value>
					<PlainText>true</PlainText>
				</Password>
				<Enabled>true</Enabled>
				<Username>{InitUsers}</Username>
			</AutoLogon>
			<FirstLogonCommands>
				<!-- Local deployment -->
				<SynchronousCommand wcm:action="add">
					<Order>1</Order>
					<Description>Bypass</Description>
					<CommandLine>powershell -Command "Set-ExecutionPolicy -ExecutionPolicy Bypass -Force"</CommandLine>
				</SynchronousCommand>
				<SynchronousCommand wcm:action="add">
					<Order>2</Order>
					<Description>Run the deployment script</Description>
					<CommandLine>PowerShell -ExecutionPolicy Bypass -File "%SystemDrive%\{UniqueID}\Engine\Engine.ps1" -Force</CommandLine>
				</SynchronousCommand>
			</FirstLogonCommands>
			{TimeZone}
		</component>
		<component name="Microsoft-Windows-Shell-Setup" processorArchitecture="amd64" publicKeyToken="31bf3856ad364e35" language="neutral" versionScope="nonSxS" xmlns:wcm="http://schemas.microsoft.com/WMIConfig/2002/State" xmlns:xsi="http://www.w3.org/2001/XMLSchema-instance">
			<OOBE>
				<HideEULAPage>true</HideEULAPage>
				<HideOEMRegistrationScreen>true</HideOEMRegistrationScreen>
				<HideOnlineAccountScreens>true</HideOnlineAccountScreens>
				<HideWirelessSetupInOOBE>true</HideWirelessSetupInOOBE>
				<HideLocalAccountScreen>true</HideLocalAccountScreen>
				<NetworkLocation>Other</NetworkLocation>
				<ProtectYourPC>3</ProtectYourPC>
				<SkipMachineOOBE>true</SkipMachineOOBE>
				<SkipUserOOBE>true</SkipUserOOBE>
			</OOBE>

			<!-- initial account -->
			<UserAccounts>
				<LocalAccounts>
					<LocalAccount wcm:action="add">
						<Password>
							<Value></Value>
							<PlainText>true</PlainText>
						</Password>
						<Description>{InitUsers}</Description>
						<DisplayName>{InitUsers}</DisplayName>
						<Group>Administrators</Group>
						<Name>{InitUsers}</Name>
					</LocalAccount>
				</LocalAccounts>
			</UserAccounts>

			<!-- Automatic login by default -->
			<AutoLogon>
				<Password>
					<Value></Value>
					<PlainText>true</PlainText>
				</Password>
				<Enabled>true</Enabled>
				<Username>{InitUsers}</Username>
			</AutoLogon>
			<FirstLogonCommands>
				<!-- Local deployment -->
				<SynchronousCommand wcm:action="add">
					<Order>1</Order>
					<Description>Bypass</Description>
					<CommandLine>powershell -Command "Set-ExecutionPolicy -ExecutionPolicy Bypass -Force"</CommandLine>
				</SynchronousCommand>
				<SynchronousCommand wcm:action="add">
					<Order>2</Order>
					<Description>Run the deployment script</Description>
					<CommandLine>PowerShell -ExecutionPolicy Bypass -File "%SystemDrive%\{UniqueID}\Engine\Engine.ps1" -Force</CommandLine>
				</SynchronousCommand>
			</FirstLogonCommands>
			{TimeZone}
		</component>
	</settings>
</unattend>