<?xml version="1.0" encoding="utf-8"?>
<!--
	Server
	multilingual
	Consumer.Semi.xml

	GUID: 7fb21124-e782-4166-ba4b-baab53c0ff82
-->
<unattend xmlns="urn:schemas-microsoft-com:unattend">
	<settings pass="windowsPE">
		<component name="Microsoft-Windows-International-Core-WinPE" processorArchitecture="x86" publicKeyToken="31bf3856ad364e35" language="neutral" versionScope="nonSxS" xmlns:wcm="http://schemas.microsoft.com/WMIConfig/2002/State" xmlns:xsi="http://www.w3.org/2001/XMLSchema-instance">
			<SetupUILanguage>
				<UILanguage>%OSDUILanguage%</UILanguage>
				<WillShowUI>Always</WillShowUI>
			</SetupUILanguage>
			<InputLocale>%OSDInputLocale%</InputLocale>
			<SystemLocale>%OSDSystemLocale%</SystemLocale>
			<UILanguage>%OSDUILanguage%</UILanguage>
			<UILanguageFallback>%OSDUILanguageFallback%</UILanguageFallback>
			<UserLocale>%OSDUserLocale%</UserLocale>
		</component>
		<component name="Microsoft-Windows-Setup" processorArchitecture="x86" publicKeyToken="31bf3856ad364e35" language="neutral" versionScope="nonSxS" xmlns:wcm="http://schemas.microsoft.com/WMIConfig/2002/State" xmlns:xsi="http://www.w3.org/2001/XMLSchema-instance">
			<DiskConfiguration>
				<WillShowUI>Always</WillShowUI>
			</DiskConfiguration>
			<ImageInstall>
				<OSImage>
					<WillShowUI>{OSImageUi}</WillShowUI>
				</OSImage>
			</ImageInstall>
			<Diagnostics>
				<OptIn>false</OptIn>
			</Diagnostics>
			<DynamicUpdate>
				<Enable>false</Enable>
				<WillShowUI>OnError</WillShowUI>
			</DynamicUpdate>
			<UserData>
				<ProductKey>
					<WillShowUI>{ProductKeyUi}</WillShowUI>
				</ProductKey>
				<AcceptEula>{AccectEula}</AcceptEula>
			</UserData>
		</component>
	</settings>
	<settings pass="specialize">
		<component name="Microsoft-Windows-IE-ESC" processorArchitecture="x86" publicKeyToken="31bf3856ad364e35" language="neutral" versionScope="nonSxS" xmlns:wcm="http://schemas.microsoft.com/WMIConfig/2002/State" xmlns:xsi="http://www.w3.org/2001/XMLSchema-instance">
			<IEHardenAdmin>{OSIEAdmin}</IEHardenAdmin>
			<IEHardenUser>{OSIEUser}</IEHardenUser>
		</component>
		<component name="Microsoft-Windows-ServerManager-SvrMgrNc" processorArchitecture="x86" publicKeyToken="31bf3856ad364e35" language="neutral" versionScope="nonSxS" xmlns:wcm="http://schemas.microsoft.com/WMIConfig/2002/State" xmlns:xsi="http://www.w3.org/2001/XMLSchema-instance">
			<DoNotOpenServerManagerAtLogon>{OSServerManager}</DoNotOpenServerManagerAtLogon>
		</component>
	</settings>
	<settings pass="oobeSystem">
		<component name="Microsoft-Windows-International-Core" processorArchitecture="x86" publicKeyToken="31bf3856ad364e35" language="neutral" versionScope="nonSxS" xmlns:wcm="http://schemas.microsoft.com/WMIConfig/2002/State" xmlns:xsi="http://www.w3.org/2001/XMLSchema-instance">
			<InputLocale>%OSDInputLocale%</InputLocale>
			<SystemLocale>%OSDSystemLocale%</SystemLocale>
			<UILanguage>%OSDUILanguage%</UILanguage>
			<UILanguageFallback>%OSDUILanguageFallback%</UILanguageFallback>
			<UserLocale>%OSDUserLocale%</UserLocale>
		</component>
		<component name="Microsoft-Windows-Shell-Setup" processorArchitecture="x86" publicKeyToken="31bf3856ad364e35" language="neutral" versionScope="nonSxS" xmlns:wcm="http://schemas.microsoft.com/WMIConfig/2002/State" xmlns:xsi="http://www.w3.org/2001/XMLSchema-instance">
			<OOBE>
				{InitOOBESetting}
			</OOBE>

			<!-- initial account -->
			{InitUsers}

			<!-- Automatic login by default -->
			{InitAutoLogon}

			<FirstLogonCommands>
				<!-- Local deployment -->
				<SynchronousCommand wcm:action="add">
					<Order>1</Order>
					<Description>Bypass</Description>
					<CommandLine>powershell -Command "Set-ExecutionPolicy -Scope 'LocalMachine' -ExecutionPolicy 'RemoteSigned' -Force"</CommandLine>
				</SynchronousCommand>
				<SynchronousCommand wcm:action="add">
					<Order>2</Order>
					<Description>Run the deployment script</Description>
					<CommandLine>PowerShell -ExecutionPolicy Bypass -File "%SystemDrive%\{UniqueID}\Engine\Engine.ps1" -Force</CommandLine>
				</SynchronousCommand>
			</FirstLogonCommands>
			{TimeZone}
		</component>
	</settings>
</unattend>