{
	"author": {
		"name": "Yi",
		"url":  "https://fengyi.tel"
	},
	"version": {
		"buildstring": "1.0.0.4.bs_release.2024.10.18",
		"version":     "1.0.0.4",
		"minau":       "1.0.0.0"
	},
	"changelog": {
		"title": "Yi's Solutions - Change log",
		"log":   "   - Added Windows 11 24H2 autonomous driving solutions, packaging tutorials, video tutorials, rules, etc. * New\n   - Added Windows Server 2025 autonomous driving solutions, rules, etc. * New\n   - Windows 11 22H2: Obsolete ones removed * Del\n   - Windows 11 23H2: Update packaging tutorial and update the binding area when installing InBox Apps applications\n   - InBox Apps: Add region tags during installation * New\n   - InBox Apps: Allow automatic combination of dependent packages during installation * New"
	},
	"url": "https://github.com/ilikeyi/Solutions/raw/refs/heads/main/update/latest.zip"
}
