{
	"Config": {
		"Author":  "Yi",
		"Version": "1.0.0.0",
		"Url":     "https://fengyi.tel"
	},
	"Deploy": {
		"Prerequisite": {
			"IsAutoSelect": [
				"Prerequisite_Extract_Language_Add"
			],
			"ISO": {},
			"CumulativeUpdate": {
				"Add": {
					"SaveTo": "{Image_source}_Custom\\{Master}\\{Image}\\Update\\Add",
					"Scope": [
						"Install;Install;wim",
						"Install;WinRE;wim",
						"Boot;Boot;wim"
					]
				}
			},
			"ExtractLanguage": {
				"Add": {
					"Guid": "d33b848d-ef73-470b-ba0e-8b7f21536ccd",
					"CleanDuplicate": false,
					"NoExtractEnglish": true,
					"Missing": {
						"IsMissing": true,
						"OnlySelectRegion": true
					},
					"SaveTo": {
						"Schome": "Custom",
						"Custom": {
							"Path": "{Image_source}_Custom"
						},
						"Multi": {
							"Path": "{MainMasterFolder}\\{ImageType}\\_Custom",
							"Name": "1_10_zh-CN"
						}
					},
					"Scope": [
						"Install;Install;wim;",
						"Install;WinRE;wim;",
						"Boot;Boot;wim;"
					],
					"Region": [
						"zh-CN"
					]
				},
				"Del": {
					"Guid": "d33b848d-ef73-470b-ba0e-8b7f21536ccd",
					"CleanDuplicate": false,
					"NoExtractEnglish": true,
					"SaveTo": {
						"Schome": "Custom",
						"Custom": {
							"Path": "{Image_source}_Custom"
						},
						"Multi": {
							"Name": "1_10_zh-CN"
						}
					},
					"Scope": [
						"Install;Install;wim;",
						"Install;WinRE;wim;",
						"Boot;Boot;wim;"
					],
					"Region": [
						"en-US"
					]
				}
			}
		},
		"ImageSource": {
			"Tasks": {
				"Solutions": {
					"SaveTo": {
						"FolderName": "",
						"Path":       "ISO"
					},
					"Account": {
						"Schome": "Auto",
						"Custom": {},
						"Designated": {
							"UserName":       "Administrator",
							"SyncMainFolder": false,
							"AutoLogin":      true
						}
					},
					"Schome": {
						"Engine": {
							"Enable":  true,
							"Version": "Multilingual",
							"OptAdv": {
								"AutoFix": true
							},
							"FirstExperience": {
								"Prerequisite": {
									"FirstExpSyncMark":      true,
									"FirstExpUpdate":        false,
									"FirstExpDefender":      false,
									"NetworkLocationWizard": true,
									"FirstExpSyncLabel":     false,
									"IsMulti": {
										"PreAppxCleanup":     true,
										"LanguageComponents": true,
										"PreventCleaningUnusedLP": true
									},
									"DesktopMenu": {
										"Enable": false,
										"Right":  false
									},
									"Time": {
										"Enable": false,
										"UTF8":   false,
										"Region": "zh-CN"
									},
									"Restart": true
								},
								"Finish": {
									"FirstExpFinishPopup":    false,
									"FirstExpFinishOnDemand": false,
									"ResetExecutionPolicy":   true,
									"ClearFull":              true,
									"OnlyClearEngine":        true,
									"Restart":                false
								}
							}
						},
						"Unattend": {
							"Enable":  true,
							"Version": "10",
							"Command": {
								"WindowsSetup": [
									"a94cc882-a451-494d-8d94-523e06470f68",
									"f6ba749e-3a36-4a2e-bc28-674073cb973b"
								],
								"WindowsPE": []
							},
							"IsMulti":       "Auto",
							"InstallMethod": "Auto",
							"Schome": {
								"Version":   "Auto",
								"Semi": {},
								"UEFI": {
									"ImageIndex": "1"
								},
								"Legacy": {
									"ProductKey": "TX9XD-98N7V-6WMQ6-BX7FG-H8Q99"
								}
							},
							"AddTo": {
								"ISOAutounattend": true,
								"ISOSourcesUnattend": true,
								"ISOPantherUnattendOEM": true,
								"ISOPantherUnattendOS": true
							},
							"InstallInterface": {
								"OOBEProductKey": false,
								"OOBEOSImage": false,
								"OOBEEula": true
							},
							"Server": {
								"ServerManager": false,
								"InternetExplorer": {
									"Administrator": true,
									"User": true
								}
							},
							"Time": {
								"Enable": false,
								"Region": "zh-CN"
							}
						},
						"Collection": {
							"Enable": true,
							"OptAdv": {
								"GenerateReport": true
							},
							"Language": {
								"IsMulti": "Auto",
								"Multi": [
									"en-US",
									"zh-CN"
								],
								"Single": "zh-CN"
							},
							"Architecture": "x64",
							"Office": {
								"IsDeploy": false,
								"Version":  "",
								"Language": [
									"Auto"
								],
								"DeployTo": "PublicDektop"
							},
							"Custom": {
								"IsDeploy": false,
								"DeployTo": "SystemDisk",
								"Version":  "Template"
							},
							"Software": {
								"IsDeploy": false,
								"App": []
							},
							"Fonts": {
								"IsDeploy": false,
								"Package": []
							}
						}
					}
				},
				"Convert": {
					"IsBackup":              true,
					"Schome":                "SplitWim",
					"Config": {
						"SplitWim": {
							"Compression":   "Max",
							"Rebuild":       true,
							"Split": {
								"Enabled":   true,
								"Size":      "3892"
							}
						},
						"WimToEsd": {
							"Compression":   "Max",
							"Rebuild":       true
						},
						"EsdToWim": {
							"Compression":   "Fast",
							"Split": {
								"Enabled":   true,
								"Size":      "3892"
							}
						},
						"MergedSWM": {
							"Compression":   "Fast"
						}
					}
				},
				"ISO": {
					"Association": [
						"ISO.Multilingual",
						"ISO.Multilingual.With.Office.2021",
						"ISO.Multilingual.With.Office.365",
						"ISO.Yi.Optimiz.Private",
						"ISO.Yi.Optimiz.Private.With.Office.2021",
						"ISO.Yi.Optimiz.Private.With.Office.365"
					]
				}
			}
		},
		"Mount": [
			{
				"Group": "Install;Install;",
				"Uid":   "Install;Install;wim;",
				"IsAutoSelect": [
					"Image_source_selection",
					"Language_Add_UI",
					"InBox_Apps_Mark_UI",
					"InBox_Apps_Add_UI",
					"Update_Add_UI",
					"Drive_Add_UI",
					"Feature_More_UI"
				],
				"IsAutoSelectIndex": [
					"Auto"
				],
				"Tasks": {
					"Solutions": {
						"SaveTo": {
							"FolderName": "",
							"Path":       "ISO"
						},
						"Account": {
							"Schome": "Auto",
							"Custom": {},
							"Designated": {
								"UserName":       "Administrator",
								"SyncMainFolder": false,
								"AutoLogin":      true
							}
						},
						"Schome": {
							"Engine": {
								"Enable":  true,
								"Version": "Multilingual",
								"OptAdv": {
									"AutoFix": true
								},
								"FirstExperience": {
									"Prerequisite": {
										"FirstExpSyncMark":      true,
										"FirstExpUpdate":        false,
										"FirstExpDefender":      false,
										"NetworkLocationWizard": true,
										"FirstExpSyncLabel":     false,
										"IsMulti": {
											"PreAppxCleanup":     true,
											"LanguageComponents": true,
											"PreventCleaningUnusedLP": true
										},
										"DesktopMenu": {
											"Enable": false,
											"Right":  false
										},
										"Time": {
											"Enable": false,
											"UTF8":   false,
											"Region": "zh-CN"
										},
										"Restart": true
									},
									"Finish": {
										"FirstExpFinishPopup":    false,
										"FirstExpFinishOnDemand": false,
										"ResetExecutionPolicy":   true,
										"ClearFull":              true,
										"OnlyClearEngine":        true,
										"Restart":                false
									}
								}
							},
							"Unattend": {
								"Enable":  true,
								"Version": "10",
								"Command": {
									"WindowsSetup": [
										"a94cc882-a451-494d-8d94-523e06470f68",
										"f6ba749e-3a36-4a2e-bc28-674073cb973b"
									],
									"WindowsPE": []
								},
								"IsMulti":       "Auto",
								"InstallMethod": "Auto",
								"Schome": {
									"Version":   "Auto",
									"Semi": {},
									"UEFI": {
										"ImageIndex": "1"
									},
									"Legacy": {
										"ProductKey": "TX9XD-98N7V-6WMQ6-BX7FG-H8Q99"
									}
								},
								"AddTo": {
									"ISOAutounattend": true,
									"ISOSourcesUnattend": true,
									"ISOPantherUnattendOEM": true,
									"ISOPantherUnattendOS": true
								},
								"InstallInterface": {
									"OOBEProductKey": false,
									"OOBEOSImage": false,
									"OOBEEula": true
								},
								"Server": {
									"ServerManager": false,
									"InternetExplorer": {
										"Administrator": true,
										"User": true
									}
								},
								"Time": {
									"Enable": false,
									"Region": "zh-CN"
								}
							},
							"Collection": {
								"Enable": true,
								"OptAdv": {
									"GenerateReport": true
								},
								"Language": {
									"IsMulti": "Auto",
									"Multi": [
										"en-US",
										"zh-CN"
									],
									"Single": "zh-CN"
								},
								"Architecture": "x64",
								"Office": {
									"IsDeploy": true,
									"Version":  "365",
									"Language": [
										"Auto"
									],
									"DeployTo": "PublicDektop"
								},
								"Custom": {
									"IsDeploy": false,
									"DeployTo": "SystemDisk",
									"Version":  "Template"
								},
								"Software": {
									"IsDeploy": false,
									"App": []
								},
								"Fonts": {
									"IsDeploy": false,
									"Package": []
								}
							}
						}
					},
					"Language": {
						"Add": {
							"Source": "{Image_source}_Custom\\{Master}\\{Image}\\Language\\Add",
							"Adv": {
								"PreRuleOrder": true,
								"WildcardList": true,
								"NoCheckFileType": false,
								"AutoSuggestions": true,
								"SetupFixMissing": false,
								"LangSyncToSources": false,
								"LangIniRebuild": false
							}
						},
						"Del": {
							"Source": "{Image_source}_Custom\\{Master}\\{Image}\\Language\\Del",
							"Adv": {
								"DescendingRuleLang": true,
								"NoCheckFileType": false,
								"AutoSuggestions": true,
								"BootSyncToISO": false,
								"LangIniRebuild": false
							}
						},
						"Change": "zh-CN",
						"Cleanup": [
							"en-US"
						]
					},
					"InBoxApps": {
						"Mark": {
							"Schome": "Custom",
							"Skip": {
								"RemoveAll": {
									"IsDel": true,
									"IsExclude": true
								}
							},
							"Custom": {
								"SkipenUS": true,
								"RemoveAll": {
									"IsDel": true,
									"IsExclude": true
								},
								"Version": "19041",
								"Region": [
									"zh-CN"
								]
							}
						},
						"Add": {
							"Schome": "Custom",
							"Custom": {
								"AutoSearch": true,
								"OptimizeHardLink": true,
								"Source": "auto",
								"Guid": "d33b848d-ef73-470b-ba0e-8b7f21536ccd",
								"Apps": "auto"
							},
							"Assign": {}
						},
						"Update": {
							"Sources": "Auto",
							"Region": [
								"zh-CN"
							]
						},
						"Remove": {
							"Region": [
								"zh-CN"
							]
						},
						"MatchRemove": {
							"Guid": "d33b848d-ef73-470b-ba0e-8b7f21536ccd",
							"Apps": ""
						}
					},
					"CumulativeUpdate": {
						"Add": {
							"Schome": "Auto",
							"Custom": [
								"{MainMasterFolder}\\{ImageType}\\_Custom\\{Master}\\{Image}\\Update\\{ArchC}\\Add",
								"{Mount_To_Route}\\{Master}\\{Image}\\Update\\Add",
								"{Image_source}_Custom\\{Master}\\{Image}\\Update\\Add"
							],
							"IsEvent": {
								"CuringUpdate": true,
								"Superseded": {
									"IsSuperseded": false,
									"ExcludeRules": true
								}
							}
						},
						"Del": {
							"Schome": "Auto",
							"Custom": [
								"{MainMasterFolder}\\{ImageType}\\_Custom\\{Master}\\{Image}\\Update\\{ArchC}\\Add",
								"{Mount_To_Route}\\{Master}\\{Image}\\Update\\Add",
								"{Image_source}_Custom\\{Master}\\{Image}\\Update\\Add"
							],
							"IsEvent": {
								"CuringUpdate": true,
								"Superseded": {
									"IsSuperseded": false,
									"ExcludeRules": true
								}
							}
						}
					},
					"Drive": {
						"Add": {
							"Schome": "Auto",
							"Custom": [
								"{MainMasterFolder}\\{ImageType}\\_Custom\\{Master}\\{Image}\\Drive\\{ArchC}\\Add",
								"{Mount_To_Route}\\{Master}\\{Image}\\Drive\\Add",
								"{Image_source}_Custom\\{Master}\\{Image}\\Drive\\Add"
							]
						},
						"Del": {
							"Schome": "Auto",
							"Custom": [
								"{MainMasterFolder}\\{ImageType}\\_Custom\\{Master}\\{Image}\\Drive\\{ArchC}\\Add",
								"{Mount_To_Route}\\{Master}\\{Image}\\Drive\\Add",
								"{Image_source}_Custom\\{Master}\\{Image}\\Drive\\Add"
							]
						}
					},
					"WindowsFeatures": {
						"Enable": [
							"NetFx3",
							"TelnetClient"
						],
						"Disable": [
							"TelnetClient"
						]
					},
					"PSFunctions": {
						"Before": [
							"Other_Tasks_TPM"
						],
						"After": [
							"Other_Tasks_Refs"
						]
					},
					"More": {
						"CuringUpdate": false,
						"Superseded": {
							"IsSuperseded": false,
							"ExcludeRules": true
						},
						"Healthy": true,
						"Report": {
							"InboxApps": true,
							"Components": true,
							"Drive": true,
							"ImageLangue": true
						},
						"SaveTo": "{Image_source}_Custom\\{Master}\\{Image}\\Report"
					},
					"Expand": {
						"Rebuild": true
					},
					"Eject": {
						"Schome": "Save",
						"ForectEject": true
					}
				}
			},
			{
				"Group": "Install;WinRE;",
				"Uid":   "Install;WinRE;wim;",
				"IsAutoSelect": [
					"Image_source_selection",
					"Language_Add_UI",
					"Update_Add_UI",
					"Drive_Add_UI",
					"Feature_More_UI"
				],
				"IsAutoSelectIndex": [
					"Auto"
				],
				"Tasks": {
					"Language": {
						"Add": {
							"Haveto": true,
							"Source": "{Image_source}_Custom\\{Master}\\{Image}\\Language\\Add",
							"Adv": {
								"PreRuleOrder": true,
								"WildcardList": true,
								"NoCheckFileType": false,
								"AutoSuggestions": true,
								"SetupFixMissing": false,
								"LangSyncToSources": false,
								"LangIniRebuild": false
							}
						},
						"Del": {
							"Haveto": false,
							"Source": "{Image_source}_Custom\\{Master}\\{Image}\\Language\\Del",
							"Adv": {
								"DescendingRuleLang": true,
								"NoCheckFileType": false,
								"AutoSuggestions": true,
								"BootSyncToISO": false,
								"LangIniRebuild": false
							}
						},
						"Change": "zh-CN",
						"Cleanup": [
							"en-US"
						]
					},
					"CumulativeUpdate": {
						"Add": {
							"Schome": "Auto",
							"Custom": [
								"{MainMasterFolder}\\{ImageType}\\_Custom\\{Master}\\{Image}\\Update\\{ArchC}\\Add",
								"{Mount_To_Route}\\{Master}\\{Image}\\Update\\Add",
								"{Image_source}_Custom\\{Master}\\{Image}\\Update\\Add"
							],
							"IsEvent": {
								"CuringUpdate": true,
								"Superseded": {
									"IsSuperseded": false,
									"ExcludeRules": true
								}
							}
						},
						"Del": {
							"Schome": "Auto",
							"Custom": [
								"{MainMasterFolder}\\{ImageType}\\_Custom\\{Master}\\{Image}\\Update\\{ArchC}\\Add",
								"{Mount_To_Route}\\{Master}\\{Image}\\Update\\Add",
								"{Image_source}_Custom\\{Master}\\{Image}\\Update\\Add"
							],
							"IsEvent": {
								"CuringUpdate": true,
								"Superseded": {
									"IsSuperseded": false,
									"ExcludeRules": true
								}
							}
						}
					},
					"Drive": {
						"Add": {
							"Schome": "Auto",
							"Custom": [
								"{MainMasterFolder}\\{ImageType}\\_Custom\\{Master}\\{Image}\\Drive\\{ArchC}\\Add",
								"{Mount_To_Route}\\{Master}\\{Image}\\Drive\\Add",
								"{Image_source}_Custom\\{Master}\\{Image}\\Drive\\Add"
							]
						},
						"Del": {
							"Schome": "Auto",
							"Custom": [
								"{MainMasterFolder}\\{ImageType}\\_Custom\\{Master}\\{Image}\\Drive\\{ArchC}\\Add",
								"{Mount_To_Route}\\{Master}\\{Image}\\Drive\\Add",
								"{Image_source}_Custom\\{Master}\\{Image}\\Drive\\Add"
							]
						}
					},
					"Expand": {
						"Rebuild": true,
						"Rules": {
							"isUpdate": true,
							"UpdateToAll": true
						}
					},
					"Eject": {
						"Schome": "Save",
						"ForectEject": true
					}
				}
			},
			{
				"Group": "Boot;Boot;",
				"Uid":   "Boot;Boot;wim;",
				"IsAutoSelect": [
					"Image_source_selection",
					"Language_Add_UI",
					"Update_Add_UI",
					"Drive_Add_UI",
					"Functions_Rear_UI",
					"Feature_More_UI"
				],
				"IsAutoSelectIndex": [
					"2"
				],
				"Tasks": {
					"Language": {
						"Add": {
							"Source": "{Image_source}_Custom\\{Master}\\{Image}\\Language\\Add",
							"Adv": {
								"PreRuleOrder": true,
								"WildcardList": true,
								"NoCheckFileType": false,
								"AutoSuggestions": true,
								"SetupFixMissing": false,
								"LangSyncToSources": false,
								"LangIniRebuild": false
							}
						},
						"Del": {
							"Source": "{Image_source}_Custom\\{Master}\\{Image}\\Language\\Del",
							"Adv": {
								"DescendingRuleLang": true,
								"NoCheckFileType": false,
								"AutoSuggestions": true,
								"BootSyncToISO": false,
								"LangIniRebuild": false
							}
						},
						"Change": "zh-CN",
						"Cleanup": [
							"en-US"
						]
					},
					"CumulativeUpdate": {
						"Add": {
							"Schome": "Auto",
							"Custom": [
								"{MainMasterFolder}\\{ImageType}\\_Custom\\{Master}\\{Image}\\Update\\{ArchC}\\Add",
								"{Mount_To_Route}\\{Master}\\{Image}\\Update\\Add",
								"{Image_source}_Custom\\{Master}\\{Image}\\Update\\Add"
							],
							"IsEvent": {
								"CuringUpdate": true,
								"Superseded": {
									"IsSuperseded": false,
									"ExcludeRules": true
								}
							}
						},
						"Del": {
							"Schome": "Auto",
							"Custom": [
								"{MainMasterFolder}\\{ImageType}\\_Custom\\{Master}\\{Image}\\Update\\{ArchC}\\Add",
								"{Mount_To_Route}\\{Master}\\{Image}\\Update\\Add",
								"{Image_source}_Custom\\{Master}\\{Image}\\Update\\Add"
							],
							"IsEvent": {
								"CuringUpdate": true,
								"Superseded": {
									"IsSuperseded": false,
									"ExcludeRules": true
								}
							}
						}
					},
					"Drive": {
						"Add": {
							"Schome": "Auto",
							"Custom": [
								"{MainMasterFolder}\\{ImageType}\\_Custom\\{Master}\\{Image}\\Drive\\{ArchC}\\Add",
								"{Mount_To_Route}\\{Master}\\{Image}\\Drive\\Add",
								"{Image_source}_Custom\\{Master}\\{Image}\\Drive\\Add"
							]
						},
						"Del": {
							"Schome": "Auto",
							"Custom": [
								"{MainMasterFolder}\\{ImageType}\\_Custom\\{Master}\\{Image}\\Drive\\{ArchC}\\Add",
								"{Mount_To_Route}\\{Master}\\{Image}\\Drive\\Add",
								"{Image_source}_Custom\\{Master}\\{Image}\\Drive\\Add"
							]
						}
					},
					"PSFunctions": {
						"Before": [],
						"After": [
							"Other_Tasks_TPM"
						]
					},
					"Expand": {
						"Rebuild": true
					},
					"Eject": {
						"Schome": "Save",
						"ForectEject": true
					}
				}
			}
		],
		"IsEvent": {
			"Scheduled": {
				"Schome": "Custom",
				"Instantly": {},
				"Custom": {
					"Sky":    "0",
					"Hour":   "0",
					"Minute": "1"
				}
			},
			"Finish": "Pause"
		}
	}
}