<Configuration>
	<Add OfficeClientEdition="64" Channel="PerpetualVL2021">
		<Product ID="ProPlus2021Volume" PIDKEY="FXYTK-NJJ8C-GB6DW-3DYQT-6F7TH">
--REPLACELANGUAGE--
			<ExcludeApp ID="Groove" />
			<ExcludeApp ID="Lync" />
			<ExcludeApp ID="Teams" />
		</Product>
	</Add>
	<Property Name="SharedComputerLicensing" Value="0" />
	<Property Name="SCLCacheOverride" Value="0" />
	<Property Name="AUTOACTIVATE" Value="1" />
	<Property Name="FORCEAPPSHUTDOWN" Value="TRUE" />
	<Property Name="DeviceBasedLicensing" Value="0" />
	<Property Name="SCLCacheOverrideDirectory" Value="--REPLACESourcePath--" />
	<Updates Enabled="TRUE" />
	<RemoveMSI />
	<Display Level="None" AcceptEULA="TRUE" />
</Configuration>