{
	"Config": {
		"Author":  "Yi",
		"Version": "1.0.0.0",
		"Url":     "https://fengyi.tel"
	},
	"Deploy": {
		"ImageSource": {
			"Tasks": {
				"Solutions": {
					"SaveTo": {
						"FolderName": "",
						"Path":       "ISO"
					},
					"Account": {
						"Schome": "Auto",
						"Custom": {},
						"Designated": {
							"UserName":       "Administrator",
							"SyncMainFolder": false,
							"AutoLogin":      true
						}
					},
					"Schome": {
						"Engine": {
							"Enable":  true,
							"Version": "Multilingual",
							"OptAdv": {
								"AutoFix": true
							},
							"FirstExperience": {
								"Prerequisite": {
									"FirstExpSyncMark":      true,
									"FirstExpUpdate":        false,
									"FirstExpDefender":      false,
									"NetworkLocationWizard": true,
									"FirstExpSyncLabel":     false,
									"IsMulti": {
										"PreAppxCleanup":     true,
										"LanguageComponents": true,
										"PreventCleaningUnusedLP": true
									},
									"DesktopMenu": {
										"Enable": false,
										"Right":  false
									},
									"Time": {
										"Enable": false,
										"UTF8":   false,
										"Region": "zh-CN"
									},
									"Restart": true
								},
								"Finish": {
									"FirstExpFinishPopup":    false,
									"FirstExpFinishOnDemand": false,
									"ResetExecutionPolicy":   true,
									"ClearFull":              true,
									"OnlyClearEngine":        true,
									"Restart":                false
								}
							}
						},
						"Unattend": {
							"Enable":  true,
							"Version": "11",
							"Command": {
								"WindowsSetup": [
									"a94cc882-a451-494d-8d94-523e06470f68",
									"f6ba749e-3a36-4a2e-bc28-674073cb973b"
								],
								"WindowsPE": []
							},
							"IsMulti":       "Auto",
							"InstallMethod": "Auto",
							"Schome": {
								"Version":   "Auto",
								"Semi": {},
								"UEFI": {
									"ImageIndex": "1"
								},
								"Legacy": {
									"ProductKey": "TX9XD-98N7V-6WMQ6-BX7FG-H8Q99"
								}
							},
							"AddTo": {
								"ISOAutounattend": true,
								"ISOSourcesUnattend": true,
								"ISOPantherUnattendOEM": true,
								"ISOPantherUnattendOS": true
							},
							"InstallInterface": {
								"OOBEProductKey": false,
								"OOBEOSImage": false,
								"OOBEEula": true
							},
							"Server": {
								"ServerManager": false,
								"InternetExplorer": {
									"Administrator": false,
									"User": false
								}
							},
							"Time": {
								"Enable": false,
								"Region": "zh-CN"
							}
						},
						"Collection": {
							"Enable": true,
							"OptAdv": {
								"GenerateReport": true
							},
							"Language": {
								"IsMulti": "Auto",
								"Multi": [
									"en-US",
									"zh-CN"
								],
								"Single": "zh-CN"
							},
							"Architecture": "x64",
							"Office": {
								"IsDeploy": true,
								"Version":  "2021",
								"Language": [
									"auto"
								],
								"DeployTo": "PublicDektop"
							},
							"Custom": {
								"IsDeploy": false,
								"DeployTo": "SystemDisk",
								"Version":  "Template"
							},
							"Software": {
								"IsDeploy": false,
								"App": []
							},
							"Fonts": {
								"IsDeploy": false,
								"Package": []
							}
						}
					}
				},
				"ISO": {
					"SaveTo":             "",
					"Structure":  {
						"InstallType":    true,
						"UniqueName":     false,
						"Group":          "Windows 11 22H2",
						"Event":           true,
						"EngineVersion":  "Multilingual"
					},
					"PublicDate": {
						"Year":           true,
						"Month":          true
					},
					"WindowsVersion": {
						"Enable":         true,
						"Version":        "Auto",
						"InitialRelease": "11"
					},
					"WindowsCode": {
						"Enable":         true,
						"Code":           "Auto",
						"InitialCode":    "22H2"
					},
					"Random":             true,
					"ImageLanguage":      true,
					"imageVersions":      true,
					"imageVersionsType":  false,
					"Before": {
						"Rebuild": {
							"Install":    false,
							"Boot":       false
						}
					},
					"After": {
						"TPM":            true,
						"Sha256":         true,
						"RemoveImage":    false,
						"PGP": {
							"Enable":     false,
							"Config": {
								"Pwd":    "",
								"KeyID":  "0FEBF674EAD23E05"
							}
						}
					}
				}
			}
		}
	}
}