{
	"Config": {
		"Author":  "Yi",
		"Url":     "https://fengyi.tel",
		"Version": "1.1.3.3"
	},
	"Deploy": {
		"ImageSource": {
			"Tasks": {
				"ISO": {
					"SaveTo":             "",
					"Structure": {
						"InstallType":    true,
						"Group":          "Windows 10 22H2",
						"Event":           false,
						"EngineVersion":  "",
						"MulTags":        true,
						"VerTags":        true,
						"UniqueName":     true
					},
					"PublicDate": {
						"Sorting": {
							"GroupA": true,
							"GroupB": false
						},
						"Year": {
							"IsAllow": true,
							"UseShortnames": {
								"GroupA": true,
								"GroupB": false
							}
						},
						"Month": {
							"IsAllow": true,
							"UseShortnames": {
								"GroupB": false
							},
							"UseNumber": {
								"GroupA": true,
								"GroupB": false
							}
						}
					},
					"WindowsVersion": {
						"Enable":         true,
						"Version":        "Auto",
						"InitialRelease": "10"
					},
					"WindowsCode": {
						"Enable":         true,
						"Code":           "Auto"
					},
					"Random":             false,
					"ImageLanguage":      false,
					"imageVersions":      false,
					"imageVersionsType":  false,
					"Before": {
						"Rebuild": {
							"Install":    false,
							"Boot":       false
						}
					},
					"After": {
						"CRCSHA": {
							"Schome":     "",
							"Rename":     false
						},
						"PGP": {
							"Schome":     "Auto",
							"Custom": {
								"IsAllow": true,
								"Pwd":    "",
								"KeyID":  "DBBC8D7BB64C4648A70AEA180FEBF674EAD23E05"
							}
						},
						"RemoveImage": false,
						"RemoveImageCustom": true
					}
				}
			}
		}
	}
}
